date_n,Mkt_RF,SMB,HML,RF,date,year,month,yyyymm
19260701,2.96,-2.3,-2.87,0.22,01JUL1926,1926,7,192607
19260801,2.64,-1.4,4.19,0.25,01AUG1926,1926,8,192608
19260901,0.36,-1.32,0.01,0.23,01SEP1926,1926,9,192609
19261001,-3.24,0.04,0.51,0.32,01OCT1926,1926,10,192610
19261101,2.53,-0.2,-0.35,0.31,01NOV1926,1926,11,192611
19261201,2.62,-0.04,-0.02,0.28,01DEC1926,1926,12,192612
19270101,-0.06,-0.56,4.83,0.25,01JAN1927,1927,1,192701
19270201,4.18,-0.1,3.17,0.26,01FEB1927,1927,2,192702
19270301,0.13,-1.6,-2.67,0.3,01MAR1927,1927,3,192703
19270401,0.46,0.43,0.6,0.25,01APR1927,1927,4,192704
19270501,5.44,1.41,4.93,0.3,01MAY1927,1927,5,192705
19270601,-2.34,0.47,-1.53,0.26,01JUN1927,1927,6,192706
19270701,7.26,-3.23,-1.16,0.3,01JUL1927,1927,7,192707
19270801,1.97,-0.72,-3.69,0.28,01AUG1927,1927,8,192708
19270901,4.76,-3.57,-0.71,0.21,01SEP1927,1927,9,192709
19271001,-4.31,2.13,-4.33,0.25,01OCT1927,1927,10,192710
19271101,6.58,2.76,-0.31,0.21,01NOV1927,1927,11,192711
19271201,2.09,0.93,-1.06,0.22,01DEC1927,1927,12,192712
19280101,-0.68,4.25,-0.72,0.25,01JAN1928,1928,1,192801
19280201,-1.7,-2.03,-0.69,0.33,01FEB1928,1928,2,192802
19280301,8.81,-0.26,-1.2,0.29,01MAR1928,1928,3,192803
19280401,4.23,3.82,3.67,0.22,01APR1928,1928,4,192804
19280501,1.52,2.98,-3.46,0.32,01MAY1928,1928,5,192805
19280601,-4.85,-3.5,-0.06,0.31,01JUN1928,1928,6,192806
19280701,0.62,-1.35,-0.47,0.32,01JUL1928,1928,7,192807
19280801,6.68,-2.07,-2.11,0.32,01AUG1928,1928,8,192808
19280901,2.88,2.18,0.76,0.27,01SEP1928,1928,9,192809
19281001,1.33,2.27,-2.26,0.41,01OCT1928,1928,10,192810
19281101,11.81,-1.81,2.8,0.38,01NOV1928,1928,11,192811
19281201,0.36,-0.85,-0.6,0.06,01DEC1928,1928,12,192812
19290101,4.66,-3.55,-1.21,0.34,01JAN1929,1929,1,192901
19290201,-0.34,-0.39,1.68,0.36,01FEB1929,1929,2,192902
19290301,-0.89,-4.78,1.56,0.34,01MAR1929,1929,3,192903
19290401,1.43,-0.99,0.61,0.36,01APR1929,1929,4,192904
19290501,-6.39,-5.46,-1.57,0.44,01MAY1929,1929,5,192905
19290601,9.7,-2.17,-2.76,0.52,01JUN1929,1929,6,192906
19290701,4.46,-3.87,2.67,0.33,01JUL1929,1929,7,192907
19290801,8.18,-9.51,0.07,0.4,01AUG1929,1929,8,192908
19290901,-5.47,1.17,-0.63,0.35,01SEP1929,1929,9,192909
19291001,-20.12,-4.08,7.85,0.46,01OCT1929,1929,10,192910
19291101,-12.74,-1.91,5.33,0.37,01NOV1929,1929,11,192911
19291201,1.33,-4.2,-0.59,0.37,01DEC1929,1929,12,192912
19300101,5.61,3.58,-1.01,0.14,01JAN1930,1930,1,193001
19300201,2.5,0.12,0.39,0.3,01FEB1930,1930,2,193002
19300301,7.1,3.44,0.15,0.35,01MAR1930,1930,3,193003
19300401,-2.06,-0.17,-0.84,0.21,01APR1930,1930,4,193004
19300501,-1.66,-2.04,-0.63,0.26,01MAY1930,1930,5,193005
19300601,-16.27,-3.22,2,0.27,01JUN1930,1930,6,193006
19300701,4.12,-0.37,-1.56,0.2,01JUL1930,1930,7,193007
19300801,0.3,-2.22,-0.78,0.09,01AUG1930,1930,8,193008
19300901,-12.75,-2.22,-5.27,0.22,01SEP1930,1930,9,193009
19301001,-8.78,-0.1,-1.35,0.09,01OCT1930,1930,10,193010
19301101,-3.04,2.21,-3.53,0.13,01NOV1930,1930,11,193011
19301201,-7.83,-4.68,-5.39,0.14,01DEC1930,1930,12,193012
19310101,6.24,3.81,7.21,0.15,01JAN1931,1931,1,193101
19310201,10.88,3.39,1.6,0.04,01FEB1931,1931,2,193102
19310301,-6.43,3.07,-3.65,0.13,01MAR1931,1931,3,193103
19310401,-9.98,-4.61,-3.92,0.08,01APR1931,1931,4,193104
19310501,-13.24,5.16,-6.57,0.09,01MAY1931,1931,5,193105
19310601,13.9,-5.38,11.3,0.08,01JUN1931,1931,6,193106
19310701,-6.62,1.43,-2.1,0.06,01JUL1931,1931,7,193107
19310801,0.41,-1.97,-1.49,0.03,01AUG1931,1931,8,193108
19310901,-29.13,0.56,-6.75,0.03,01SEP1931,1931,9,193109
19311001,8.04,-1.87,1.7,0.1,01OCT1931,1931,10,193110
19311101,-9.08,4.3,-5.05,0.17,01NOV1931,1931,11,193111
19311201,-13.53,-0.56,-8.86,0.12,01DEC1931,1931,12,193112
19320101,-1.58,3.94,9.04,0.23,01JAN1932,1932,1,193201
19320201,5.46,-2.77,-1.45,0.23,01FEB1932,1932,2,193202
19320301,-11.21,2.27,-2.32,0.16,01MAR1932,1932,3,193203
19320401,-17.96,1.44,1.42,0.11,01APR1932,1932,4,193204
19320501,-20.51,3.72,-3.28,0.06,01MAY1932,1932,5,193205
19320601,-0.7,0.35,5.32,0.02,01JUN1932,1932,6,193206
19320701,33.84,-4.44,35.46,0.03,01JUL1932,1932,7,193207
19320801,37.06,14.29,33.03,0.03,01AUG1932,1932,8,193208
19320901,-2.94,-2.43,-6.82,0.03,01SEP1932,1932,9,193209
19321001,-13.17,-2.76,-10.04,0.02,01OCT1932,1932,10,193210
19321101,-5.88,2.08,-13.28,0.02,01NOV1932,1932,11,193211
19321201,4.4,-8.27,-8.16,0.01,01DEC1932,1932,12,193212
19330101,1.25,0.63,6.14,0.01,01JAN1933,1933,1,193301
19330201,-15.24,-2.75,-2.73,-0.03,01FEB1933,1933,2,193302
19330301,3.29,3.9,7.38,0.04,01MAR1933,1933,3,193303
19330401,38.85,4.56,17.43,0.1,01APR1933,1933,4,193304
19330501,21.43,36.7,19.03,0.04,01MAY1933,1933,5,193305
19330601,13.11,8.67,-1.88,0.02,01JUN1933,1933,6,193306
19330701,-9.63,-1.01,3.27,0.02,01JUL1933,1933,7,193307
19330801,12.05,-5.45,2.96,0.03,01AUG1933,1933,8,193308
19330901,-10.65,-0.32,-11.77,0.02,01SEP1933,1933,9,193309
19331001,-8.36,-0.08,-8.46,0.01,01OCT1933,1933,10,193310
19331101,9.97,-6.48,2.33,0.02,01NOV1933,1933,11,193311
19331201,1.83,0.66,-1.53,0.02,01DEC1933,1933,12,193312
19340101,12.6,12.53,15.54,0.05,01JAN1934,1934,1,193401
19340201,-2.5,5.19,2.12,0.02,01FEB1934,1934,2,193402
19340301,0.09,2.51,-2.73,0.02,01MAR1934,1934,3,193403
19340401,-1.79,2.8,-3.75,0.01,01APR1934,1934,4,193404
19340501,-7.25,-0.26,-5.91,0.01,01MAY1934,1934,5,193405
19340601,2.64,-2.14,-2.92,0.01,01JUN1934,1934,6,193406
19340701,-10.96,-6.94,-10.66,0.01,01JUL1934,1934,7,193407
19340801,5.58,5.42,0.5,0.01,01AUG1934,1934,8,193408
19340901,-0.23,-1.52,-1.24,0.01,01SEP1934,1934,9,193409
19341001,-1.66,1.24,-5.11,0.01,01OCT1934,1934,10,193410
19341101,8.33,6.49,-2.24,0.01,01NOV1934,1934,11,193411
19341201,0.36,3.08,-3.17,0.01,01DEC1934,1934,12,193412
19350101,-3.45,1.07,-1.89,0.01,01JAN1935,1935,1,193501
19350201,-1.94,0.42,-7.24,0.02,01FEB1935,1935,2,193502
19350301,-3.68,-3.54,-5.06,0.01,01MAR1935,1935,3,193503
19350401,9.06,-1.56,4.27,0.01,01APR1935,1935,4,193504
19350501,3.47,-3.28,2.52,0.01,01MAY1935,1935,5,193505
19350601,5.93,-5.03,2.13,0.01,01JUN1935,1935,6,193506
19350701,7.51,1.47,6.86,0.01,01JUL1935,1935,7,193507
19350801,2.65,6.28,5.7,0.01,01AUG1935,1935,8,193508
19350901,2.63,1.57,-4.05,0.01,01SEP1935,1935,9,193509
19351001,7.03,2.65,-2.33,0.01,01OCT1935,1935,10,193510
19351101,4.88,4.3,11.91,0.02,01NOV1935,1935,11,193511
19351201,4.56,0.22,1.07,0.01,01DEC1935,1935,12,193512
19360101,6.89,5.1,10.51,0.01,01JAN1936,1936,1,193601
19360201,2.49,1.14,5.04,0.01,01FEB1936,1936,2,193602
19360301,0.99,0.66,-1.66,0.02,01MAR1936,1936,3,193603
19360401,-8.14,-6.03,-2.08,0.02,01APR1936,1936,4,193604
19360501,5.19,0.81,2.63,0.02,01MAY1936,1936,5,193605
19360601,2.4,-3.25,-1.2,0.03,01JUN1936,1936,6,193606
19360701,6.67,1.14,2.56,0.01,01JUL1936,1936,7,193607
19360801,0.99,0.72,3.99,0.02,01AUG1936,1936,8,193608
19360901,0.98,3.07,0.88,0.01,01SEP1936,1936,9,193609
19361001,7.12,-2.39,2.52,0.02,01OCT1936,1936,10,193610
19361101,3.27,9.01,-0.92,0.01,01NOV1936,1936,11,193611
19361201,0.21,3.61,3.96,0,01DEC1936,1936,12,193612
19370101,3.35,4.31,2.61,0.01,01JAN1937,1937,1,193701
19370201,1.09,1.23,5.05,0.02,01FEB1937,1937,2,193702
19370301,-0.27,-1.78,6.39,0.01,01MAR1937,1937,3,193703
19370401,-7.36,-3.77,-3.61,0.03,01APR1937,1937,4,193704
19370501,-0.83,-0.66,-3.49,0.06,01MAY1937,1937,5,193705
19370601,-4.21,-3.65,-3.21,0.03,01JUN1937,1937,6,193706
19370701,8.91,0.85,0.82,0.03,01JUL1937,1937,7,193707
19370801,-4.86,0.42,-2.25,0.02,01AUG1937,1937,8,193708
19370901,-13.61,-6.89,-4.57,0.04,01SEP1937,1937,9,193709
19371001,-9.61,0.45,-1.62,0.02,01OCT1937,1937,10,193710
19371101,-8.31,-3.65,0.2,0.02,01NOV1937,1937,11,193711
19371201,-4.24,-7.76,-0.39,0,01DEC1937,1937,12,193712
19380101,0.49,4.97,-1.6,0,01JAN1938,1938,1,193801
19380201,5.84,0.35,-2.02,0,01FEB1938,1938,2,193802
19380301,-23.82,-4.24,-3.52,-0.01,01MAR1938,1938,3,193803
19380401,14.51,6.37,0.18,0.01,01APR1938,1938,4,193804
19380501,-3.83,-2.47,-0.28,0,01MAY1938,1938,5,193805
19380601,23.87,4.05,0.3,0,01JUN1938,1938,6,193806
19380701,7.34,6.66,2.18,-0.01,01JUL1938,1938,7,193807
19380801,-2.67,-2.44,-4.72,0,01AUG1938,1938,8,193808
19380901,0.81,-2.72,-1.62,0.02,01SEP1938,1938,9,193809
19381001,7.8,5.83,5.01,0.01,01OCT1938,1938,10,193810
19381101,-1.72,-2.56,-1.23,-0.06,01NOV1938,1938,11,193811
19381201,4.19,-1.8,0.5,0,01DEC1938,1938,12,193812
19390101,-5.96,-1.56,-3.92,-0.01,01JAN1939,1939,1,193901
19390201,3.51,0.63,2.95,0.01,01FEB1939,1939,2,193902
19390301,-11.99,-4.76,-8.29,-0.01,01MAR1939,1939,3,193903
19390401,-0.18,1.66,-0.3,0,01APR1939,1939,4,193904
19390501,6.8,2.81,0.47,0.01,01MAY1939,1939,5,193905
19390601,-5.31,-1.02,-5.41,0.01,01JUN1939,1939,6,193906
19390701,10.24,4.32,-0.03,0,01JUL1939,1939,7,193907
19390801,-6.68,-4.61,-2.42,-0.01,01AUG1939,1939,8,193908
19390901,16.88,20.23,22.22,0.01,01SEP1939,1939,9,193909
19391001,-0.53,-0.01,-4.89,0,01OCT1939,1939,10,193910
19391101,-3.62,-5.07,-6.46,0,01NOV1939,1939,11,193911
19391201,3.03,0.79,-4.06,0,01DEC1939,1939,12,193912
19400101,-2.41,0.24,-0.77,0,01JAN1940,1940,1,194001
19400201,1.44,2.51,-0.32,0,01FEB1940,1940,2,194002
19400301,2.05,1.25,-1.27,0,01MAR1940,1940,3,194003
19400401,0.22,3.92,-0.13,0,01APR1940,1940,4,194004
19400501,-21.95,-6.66,-3.69,-0.02,01MAY1940,1940,5,194005
19400601,6.67,-2.13,4.63,0,01JUN1940,1940,6,194006
19400701,3.16,1.01,-0.74,0.01,01JUL1940,1940,7,194007
19400801,2.19,-0.11,0.56,-0.01,01AUG1940,1940,8,194008
19400901,2.39,3.22,-1.13,0,01SEP1940,1940,9,194009
19401001,3.02,0.28,4.64,0,01OCT1940,1940,10,194010
19401101,-1.61,1.94,0.12,0,01NOV1940,1940,11,194011
19401201,0.69,-2.15,-0.89,0,01DEC1940,1940,12,194012
19410101,-4.17,1,3.83,-0.01,01JAN1941,1941,1,194101
19410201,-1.43,-1.57,0.89,-0.01,01FEB1941,1941,2,194102
19410301,0.84,0.1,3.04,0.01,01MAR1941,1941,3,194103
19410401,-5.46,-1.69,3.41,-0.01,01APR1941,1941,4,194104
19410501,1.39,-0.66,0.6,0,01MAY1941,1941,5,194105
19410601,5.83,1.32,0.59,0,01JUN1941,1941,6,194106
19410701,5.87,5.7,7.25,0.03,01JUL1941,1941,7,194107
19410801,-0.17,-0.41,-1.1,0.01,01AUG1941,1941,8,194108
19410901,-0.87,-0.99,-0.28,0.01,01SEP1941,1941,9,194109
19411001,-5.25,-2.02,1.63,0,01OCT1941,1941,10,194110
19411101,-1.92,-1.21,-0.64,0,01NOV1941,1941,11,194111
19411201,-4.87,-2.98,-5.94,0.01,01DEC1941,1941,12,194112
19420101,0.79,7.52,10.1,0.02,01JAN1942,1942,1,194201
19420201,-2.46,1.72,-1.13,0.01,01FEB1942,1942,2,194202
19420301,-6.58,1.78,-0.62,0.01,01MAR1942,1942,3,194203
19420401,-4.37,-0.6,2.09,0.01,01APR1942,1942,4,194204
19420501,5.94,-3.05,-2.65,0.03,01MAY1942,1942,5,194205
19420601,2.69,-1.22,0.54,0.02,01JUN1942,1942,6,194206
19420701,3.51,-0.16,2.4,0.03,01JUL1942,1942,7,194207
19420801,1.8,-0.09,1.33,0.03,01AUG1942,1942,8,194208
19420901,2.61,0.66,2.39,0.03,01SEP1942,1942,9,194209
19421001,6.82,1.82,6.47,0.03,01OCT1942,1942,10,194210
19421101,0.15,-1.54,-4.24,0.03,01NOV1942,1942,11,194211
19421201,5.12,-2.49,0.56,0.03,01DEC1942,1942,12,194212
19430101,7.13,8.78,8.23,0.03,01JAN1943,1943,1,194301
19430201,6.15,4.84,6.51,0.03,01FEB1943,1943,2,194302
19430301,6.01,5.03,5.48,0.03,01MAR1943,1943,3,194303
19430401,0.81,2.06,5.86,0.03,01APR1943,1943,4,194304
19430501,5.74,4.41,3.28,0.03,01MAY1943,1943,5,194305
19430601,1.82,-1.06,-0.74,0.03,01JUN1943,1943,6,194306
19430701,-4.77,-2.41,-2.27,0.03,01JUL1943,1943,7,194307
19430801,1.3,-0.62,-0.47,0.03,01AUG1943,1943,8,194308
19430901,2.4,1.28,1.43,0.03,01SEP1943,1943,9,194309
19431001,-1.15,0.58,1.65,0.03,01OCT1943,1943,10,194310
19431101,-5.91,-1.64,-4.04,0.03,01NOV1943,1943,11,194311
19431201,6.36,3.34,3.22,0.03,01DEC1943,1943,12,194312
19440101,1.74,2.56,2.17,0.03,01JAN1944,1944,1,194401
19440201,0.37,-0.1,0.83,0.03,01FEB1944,1944,2,194402
19440301,2.46,1.71,3.43,0.02,01MAR1944,1944,3,194403
19440401,-1.69,-1.35,-1.13,0.03,01APR1944,1944,4,194404
19440501,5.07,1.67,1.02,0.03,01MAY1944,1944,5,194405
19440601,5.49,4.04,1.82,0.03,01JUN1944,1944,6,194406
19440701,-1.49,0.55,-0.43,0.03,01JUL1944,1944,7,194407
19440801,1.57,2.41,-1.63,0.03,01AUG1944,1944,8,194408
19440901,0.01,0.47,-1.21,0.02,01SEP1944,1944,9,194409
19441001,0.16,-0.14,-0.34,0.03,01OCT1944,1944,10,194410
19441101,1.71,0.37,2.31,0.03,01NOV1944,1944,11,194411
19441201,4.03,2.24,5.91,0.02,01DEC1944,1944,12,194412
19450101,2.01,2.44,0.71,0.03,01JAN1945,1945,1,194501
19450201,6.23,1.56,4.4,0.02,01FEB1945,1945,2,194502
19450301,-3.89,-1.61,-1.78,0.02,01MAR1945,1945,3,194503
19450401,7.8,0.32,3.21,0.03,01APR1945,1945,4,194504
19450501,1.73,1.51,0.35,0.03,01MAY1945,1945,5,194505
19450601,0.39,3.1,4.32,0.02,01JUN1945,1945,6,194506
19450701,-2.17,-1.46,-2.71,0.03,01JUL1945,1945,7,194507
19450801,6.2,1.61,-4.4,0.03,01AUG1945,1945,8,194508
19450901,4.77,1.71,0.48,0.03,01SEP1945,1945,9,194509
19451001,3.89,2.46,2.25,0.03,01OCT1945,1945,10,194510
19451101,5.39,4.16,4.34,0.02,01NOV1945,1945,11,194511
19451201,1.2,2.12,-2.32,0.03,01DEC1945,1945,12,194512
19460101,6.24,4.02,2.21,0.03,01JAN1946,1946,1,194601
19460201,-5.83,-0.73,-1.27,0.03,01FEB1946,1946,2,194602
19460301,5.87,0.31,-0.36,0.03,01MAR1946,1946,3,194603
19460401,4.23,2.37,0.45,0.03,01APR1946,1946,4,194604
19460501,3.93,1.46,1.09,0.03,01MAY1946,1946,5,194605
19460601,-3.89,-1.53,-0.59,0.03,01JUN1946,1946,6,194606
19460701,-2.69,-2.06,0.04,0.03,01JUL1946,1946,7,194607
19460801,-6.44,-1.78,0.6,0.03,01AUG1946,1946,8,194608
19460901,-10.17,-4.41,-1.96,0.03,01SEP1946,1946,9,194609
19461001,-1.44,0.09,3.44,0.03,01OCT1946,1946,10,194610
19461101,-0.01,-0.4,1.52,0.03,01NOV1946,1946,11,194611
19461201,4.96,0.06,-1.38,0.03,01DEC1946,1946,12,194612
19470101,1.25,2.18,-0.73,0.03,01JAN1947,1947,1,194701
19470201,-1.08,0.68,0.14,0.03,01FEB1947,1947,2,194702
19470301,-1.67,-1.61,0.61,0.03,01MAR1947,1947,3,194703
19470401,-4.8,-3.97,0.85,0.03,01APR1947,1947,4,194704
19470501,-0.97,-3.26,0.34,0.03,01MAY1947,1947,5,194705
19470601,5.29,-0.31,-0.6,0.03,01JUN1947,1947,6,194706
19470701,4.14,1.43,2.82,0.03,01JUL1947,1947,7,194707
19470801,-1.74,0.3,0.16,0.03,01AUG1947,1947,8,194708
19470901,-0.54,1.64,1.36,0.06,01SEP1947,1947,9,194709
19471001,2.47,0.51,0.08,0.06,01OCT1947,1947,10,194710
19471101,-1.97,-1.74,1.06,0.06,01NOV1947,1947,11,194711
19471201,3,-2.48,3.69,0.08,01DEC1947,1947,12,194712
19480101,-3.93,2.49,1.38,0.07,01JAN1948,1948,1,194801
19480201,-4.38,-1.71,0.07,0.07,01FEB1948,1948,2,194802
19480301,8.07,0.13,4.49,0.09,01MAR1948,1948,3,194803
19480401,3.65,-1.66,4.1,0.08,01APR1948,1948,4,194804
19480501,7.3,0.93,-1.23,0.08,01MAY1948,1948,5,194805
19480601,-0.1,-1.86,2.75,0.09,01JUN1948,1948,6,194806
19480701,-5.09,-0.32,0.07,0.08,01JUL1948,1948,7,194807
19480801,0.25,-1.1,0.27,0.09,01AUG1948,1948,8,194808
19480901,-2.97,-1.23,-1.79,0.04,01SEP1948,1948,9,194809
19481001,5.96,-1.5,0.56,0.04,01OCT1948,1948,10,194810
19481101,-9.3,-0.62,-4.14,0.04,01NOV1948,1948,11,194811
19481201,3.26,-2.8,-1.94,0.04,01DEC1948,1948,12,194812
19490101,0.23,1.81,1.17,0.1,01JAN1949,1949,1,194901
19490201,-2.93,-1.89,-0.91,0.09,01FEB1949,1949,2,194902
19490301,4.04,2.48,1.34,0.1,01MAR1949,1949,3,194903
19490401,-1.87,-0.89,-1.18,0.09,01APR1949,1949,4,194904
19490501,-2.94,-0.77,-2.42,0.1,01MAY1949,1949,5,194905
19490601,0.1,-0.88,-1.76,0.1,01JUN1949,1949,6,194906
19490701,5.54,0.57,0.38,0.09,01JUL1949,1949,7,194907
19490801,2.6,0.13,-0.57,0.09,01AUG1949,1949,8,194908
19490901,3.09,1.05,0.23,0.09,01SEP1949,1949,9,194909
19491001,3.14,1.03,-0.49,0.09,01OCT1949,1949,10,194910
19491101,1.82,-0.93,-0.91,0.08,01NOV1949,1949,11,194911
19491201,5.13,2.07,1.75,0.09,01DEC1949,1949,12,194912
19500101,1.7,3.36,0.14,0.09,01JAN1950,1950,1,195001
19500201,1.48,0.04,-0.81,0.09,01FEB1950,1950,2,195002
19500301,1.26,-1.41,-2.77,0.1,01MAR1950,1950,3,195003
19500401,3.94,1.99,1.34,0.09,01APR1950,1950,4,195004
19500501,4.31,-2.12,0.46,0.1,01MAY1950,1950,5,195005
19500601,-5.94,-2.38,-0.78,0.1,01JUN1950,1950,6,195006
19500701,1.36,0.51,13.66,0.1,01JUL1950,1950,7,195007
19500801,4.85,0.73,-1.41,0.1,01AUG1950,1950,8,195008
19500901,4.81,0.57,-1.11,0.1,01SEP1950,1950,9,195009
19501001,-0.18,-0.58,1.44,0.12,01OCT1950,1950,10,195010
19501101,2.76,-0.84,3.17,0.11,01NOV1950,1950,11,195011
19501201,5.54,1.49,7.23,0.11,01DEC1950,1950,12,195012
19510101,5.7,1.73,3.72,0.13,01JAN1951,1951,1,195101
19510201,1.41,0.09,-2.83,0.1,01FEB1951,1951,2,195102
19510301,-2.15,-0.64,-4.22,0.11,01MAR1951,1951,3,195103
19510401,4.86,-1.49,3.28,0.13,01APR1951,1951,4,195104
19510501,-2.34,-0.01,-1.33,0.12,01MAY1951,1951,5,195105
19510601,-2.62,-1.95,-3.96,0.12,01JUN1951,1951,6,195106
19510701,6.94,-1.92,1.91,0.13,01JUL1951,1951,7,195107
19510801,4.27,0.84,0.25,0.13,01AUG1951,1951,8,195108
19510901,0.7,1.88,0.64,0.12,01SEP1951,1951,9,195109
19511001,-2.53,-0.28,0.24,0.16,01OCT1951,1951,10,195110
19511101,0.57,-0.44,0.26,0.11,01NOV1951,1951,11,195111
19511201,3.33,-2.06,-1.93,0.12,01DEC1951,1951,12,195112
19520101,1.45,-0.76,1.82,0.15,01JAN1952,1952,1,195201
19520201,-2.62,0.67,-0.22,0.12,01FEB1952,1952,2,195202
19520301,4.44,-3.02,2.21,0.11,01MAR1952,1952,3,195203
19520401,-4.97,0.38,0.25,0.12,01APR1952,1952,4,195204
19520501,3.2,-1.06,0.2,0.13,01MAY1952,1952,5,195205
19520601,3.83,-1.6,1.18,0.15,01JUN1952,1952,6,195206
19520701,0.91,-0.35,-0.4,0.15,01JUL1952,1952,7,195207
19520801,-0.76,1.21,-0.12,0.15,01AUG1952,1952,8,195208
19520901,-2.03,1.19,-1.59,0.16,01SEP1952,1952,9,195209
19521001,-0.66,-1.1,-0.46,0.14,01OCT1952,1952,10,195210
19521101,5.94,-0.69,0.88,0.1,01NOV1952,1952,11,195211
19521201,2.93,-1.42,0,0.16,01DEC1952,1952,12,195212
19530101,-0.34,3.54,1.28,0.16,01JAN1953,1953,1,195301
19530201,-0.27,2.16,-0.13,0.14,01FEB1953,1953,2,195302
19530301,-1.43,-0.14,-1.03,0.18,01MAR1953,1953,3,195303
19530401,-2.83,0.27,1.45,0.16,01APR1953,1953,4,195304
19530501,0.52,-0.03,0.13,0.17,01MAY1953,1953,5,195305
19530601,-1.89,-1.85,-0.47,0.18,01JUN1953,1953,6,195306
19530701,2.4,-1.01,-0.37,0.15,01JUL1953,1953,7,195307
19530801,-4.52,0.44,-3.62,0.17,01AUG1953,1953,8,195308
19530901,0.2,-0.81,-2.55,0.16,01SEP1953,1953,9,195309
19531001,4.6,-1.4,-0.03,0.13,01OCT1953,1953,10,195310
19531101,2.83,-1.23,-0.4,0.08,01NOV1953,1953,11,195311
19531201,0.03,-0.72,-2.96,0.13,01DEC1953,1953,12,195312
19540101,5.13,0.42,3.53,0.11,01JAN1954,1954,1,195401
19540201,1.67,-0.21,-0.23,0.07,01FEB1954,1954,2,195402
19540301,3.65,-0.51,-1.55,0.08,01MAR1954,1954,3,195403
19540401,4.27,-3.46,-0.5,0.09,01APR1954,1954,4,195404
19540501,3.09,0.36,2.53,0.05,01MAY1954,1954,5,195405
19540601,1.07,0.4,-0.05,0.06,01JUN1954,1954,6,195406
19540701,4.99,1.05,4.13,0.05,01JUL1954,1954,7,195407
19540801,-2.34,2.68,-1.44,0.05,01AUG1954,1954,8,195408
19540901,6.39,-2.56,0.68,0.09,01SEP1954,1954,9,195409
19541001,-1.67,0.57,0.71,0.07,01OCT1954,1954,10,195410
19541101,9.38,-2.65,4.18,0.06,01NOV1954,1954,11,195411
19541201,5.48,2.15,5.74,0.08,01DEC1954,1954,12,195412
19550101,0.6,0.24,2.22,0.08,01JAN1955,1955,1,195501
19550201,3.02,1.54,0.61,0.09,01FEB1955,1955,2,195502
19550301,-0.16,-0.69,2.01,0.1,01MAR1955,1955,3,195503
19550401,3.11,-1.78,0.74,0.1,01APR1955,1955,4,195504
19550501,0.93,-0.28,-0.87,0.14,01MAY1955,1955,5,195505
19550601,6.55,-4.65,1.86,0.1,01JUN1955,1955,6,195506
19550701,1.9,-1.36,0.63,0.1,01JUL1955,1955,7,195507
19550801,0.21,-0.38,0.59,0.16,01AUG1955,1955,8,195508
19550901,-0.36,0.3,-1.06,0.16,01SEP1955,1955,9,195509
19551001,-2.68,1.5,-0.03,0.18,01OCT1955,1955,10,195510
19551101,7.03,-2.46,0.51,0.17,01NOV1955,1955,11,195511
19551201,1.49,2.09,-2.26,0.18,01DEC1955,1955,12,195512
19560101,-3.03,0.44,1.12,0.22,01JAN1956,1956,1,195601
19560201,3.77,-1.03,-0.55,0.19,01FEB1956,1956,2,195602
19560301,6.64,-2.41,-0.15,0.15,01MAR1956,1956,3,195603
19560401,0.28,0.06,-0.16,0.19,01APR1956,1956,4,195604
19560501,-5.2,1.51,-1.34,0.23,01MAY1956,1956,5,195605
19560601,3.48,-1.47,-1.3,0.2,01JUN1956,1956,6,195606
19560701,4.84,-1.8,0.19,0.22,01JUL1956,1956,7,195607
19560801,-3.18,2.02,-0.86,0.17,01AUG1956,1956,8,195608
19560901,-5.14,1.62,1.75,0.18,01SEP1956,1956,9,195609
19561001,0.52,-0.13,0.01,0.25,01OCT1956,1956,10,195610
19561101,0.36,-0.28,1.99,0.2,01NOV1956,1956,11,195611
19561201,3.16,-0.2,-1.87,0.24,01DEC1956,1956,12,195612
19570101,-3.58,3.57,2.55,0.27,01JAN1957,1957,1,195701
19570201,-2.06,-0.74,-0.7,0.24,01FEB1957,1957,2,195702
19570301,2.13,0.27,-0.48,0.23,01MAR1957,1957,3,195703
19570401,4.26,-1.79,-1.25,0.25,01APR1957,1957,4,195704
19570501,3.45,-1.09,-2.07,0.26,01MAY1957,1957,5,195705
19570601,-0.74,0.58,-0.07,0.24,01JUN1957,1957,6,195706
19570701,0.66,-0.76,0.39,0.3,01JUL1957,1957,7,195707
19570801,-5.11,0.07,-0.45,0.25,01AUG1957,1957,8,195708
19570901,-5.98,0.07,0.88,0.26,01SEP1957,1957,9,195709
19571001,-4.32,-2.52,-1.83,0.29,01OCT1957,1957,10,195710
19571101,2.3,0.41,-2.9,0.28,01NOV1957,1957,11,195711
19571201,-3.91,-0.92,-1.72,0.24,01DEC1957,1957,12,195712
19580101,4.66,4.37,4.22,0.28,01JAN1958,1958,1,195801
19580201,-1.52,0.7,0.28,0.12,01FEB1958,1958,2,195802
19580301,3.27,0.63,-0.92,0.09,01MAR1958,1958,3,195803
19580401,3.09,-0.59,1.47,0.08,01APR1958,1958,4,195804
19580501,2.31,2.23,-0.35,0.11,01MAY1958,1958,5,195805
19580601,2.93,-0.24,0.51,0.03,01JUN1958,1958,6,195806
19580701,4.39,0.48,3.1,0.07,01JUL1958,1958,7,195807
19580801,1.91,1.17,0.31,0.04,01AUG1958,1958,8,195808
19580901,4.66,0.14,2.98,0.19,01SEP1958,1958,9,195809
19581001,2.53,1.13,-1.18,0.18,01OCT1958,1958,10,195810
19581101,3.01,2.04,-1.28,0.11,01NOV1958,1958,11,195811
19581201,5.15,-2.05,-0.08,0.22,01DEC1958,1958,12,195812
19590101,0.71,3,3.03,0.21,01JAN1959,1959,1,195901
19590201,0.95,1.53,0.99,0.19,01FEB1959,1959,2,195902
19590301,0.28,1.49,-0.38,0.22,01MAR1959,1959,3,195903
19590401,3.66,-0.54,-1.32,0.2,01APR1959,1959,4,195904
19590501,1.73,-2.11,1.78,0.22,01MAY1959,1959,5,195905
19590601,-0.25,0.66,1.38,0.25,01JUN1959,1959,6,195906
19590701,3.17,-0.33,0.28,0.25,01JUL1959,1959,7,195907
19590801,-1.39,-0.78,0.4,0.19,01AUG1959,1959,8,195908
19590901,-4.8,-0.08,0.5,0.31,01SEP1959,1959,9,195909
19591001,1.28,1.43,-2.04,0.3,01OCT1959,1959,10,195910
19591101,1.6,1.29,-3.27,0.26,01NOV1959,1959,11,195911
19591201,2.45,-0.6,-0.08,0.34,01DEC1959,1959,12,195912
19600101,-6.98,2.05,2.69,0.33,01JAN1960,1960,1,196001
19600201,1.17,0.56,-2.03,0.29,01FEB1960,1960,2,196002
19600301,-1.63,-0.47,-2.84,0.35,01MAR1960,1960,3,196003
19600401,-1.71,0.39,-2.37,0.19,01APR1960,1960,4,196004
19600501,3.12,1.27,-3.72,0.27,01MAY1960,1960,5,196005
19600601,2.08,-0.17,-0.26,0.24,01JUN1960,1960,6,196006
19600701,-2.37,-0.57,2.12,0.13,01JUL1960,1960,7,196007
19600801,3.01,0.88,-0.17,0.17,01AUG1960,1960,8,196008
19600901,-5.99,-1.14,1.62,0.16,01SEP1960,1960,9,196009
19601001,-0.71,-3.95,2.61,0.22,01OCT1960,1960,10,196010
19601101,4.69,0.29,-2.4,0.13,01NOV1960,1960,11,196011
19601201,4.71,-1.6,-0.71,0.16,01DEC1960,1960,12,196012
19610101,6.2,0.68,3.67,0.19,01JAN1961,1961,1,196101
19610201,3.57,3.94,-0.68,0.14,01FEB1961,1961,2,196102
19610301,2.89,3.19,-0.68,0.2,01MAR1961,1961,3,196103
19610401,0.29,0.12,2.04,0.17,01APR1961,1961,4,196104
19610501,2.4,1.93,0.51,0.18,01MAY1961,1961,5,196105
19610601,-3.08,-2.48,-0.19,0.2,01JUN1961,1961,6,196106
19610701,2.83,-1.9,-0.13,0.18,01JUL1961,1961,7,196107
19610801,2.57,-1.81,-0.19,0.14,01AUG1961,1961,8,196108
19610901,-2.15,-1.12,-0.48,0.17,01SEP1961,1961,9,196109
19611001,2.57,-1.98,0.61,0.19,01OCT1961,1961,10,196110
19611101,4.45,1.05,-0.9,0.15,01NOV1961,1961,11,196111
19611201,-0.18,-1.12,2.21,0.19,01DEC1961,1961,12,196112
19620101,-3.87,1.84,4.99,0.24,01JAN1962,1962,1,196201
19620201,1.81,-1.19,0.89,0.2,01FEB1962,1962,2,196202
19620301,-0.68,0.23,-1.01,0.2,01MAR1962,1962,3,196203
19620401,-6.59,-0.98,0.48,0.22,01APR1962,1962,4,196204
19620501,-8.65,-3.01,2.31,0.24,01MAY1962,1962,5,196205
19620601,-8.47,-0.77,2.8,0.2,01JUN1962,1962,6,196206
19620701,6.28,1.6,-3.6,0.27,01JUL1962,1962,7,196207
19620801,2.13,1.24,-1.24,0.23,01AUG1962,1962,8,196208
19620901,-5.22,-2.48,1.32,0.21,01SEP1962,1962,9,196209
19621001,-0.05,-4.01,1.36,0.25,01OCT1962,1962,10,196210
19621101,10.87,2.58,1.04,0.2,01NOV1962,1962,11,196211
19621201,1.01,-3.79,0.33,0.23,01DEC1962,1962,12,196212
19630101,4.93,3.1,2.19,0.25,01JAN1963,1963,1,196301
19630201,-2.38,0.48,2.25,0.23,01FEB1963,1963,2,196302
19630301,3.08,-2.51,1.93,0.23,01MAR1963,1963,3,196303
19630401,4.51,-1.32,1.03,0.25,01APR1963,1963,4,196304
19630501,1.76,1.07,2.56,0.24,01MAY1963,1963,5,196305
19630601,-2,-0.27,0.73,0.23,01JUN1963,1963,6,196306
19630701,-0.39,-0.55,-0.82,0.27,01JUL1963,1963,7,196307
19630801,5.07,-0.94,1.63,0.25,01AUG1963,1963,8,196308
19630901,-1.57,-0.3,0.19,0.27,01SEP1963,1963,9,196309
19631001,2.53,-0.53,-0.11,0.29,01OCT1963,1963,10,196310
19631101,-0.85,-1.11,1.66,0.27,01NOV1963,1963,11,196311
19631201,1.83,-1.96,-0.11,0.29,01DEC1963,1963,12,196312
19640101,2.24,-0.2,1.64,0.3,01JAN1964,1964,1,196401
19640201,1.54,0.08,2.83,0.26,01FEB1964,1964,2,196402
19640301,1.41,0.98,3.36,0.31,01MAR1964,1964,3,196403
19640401,0.1,-1.41,-0.42,0.29,01APR1964,1964,4,196404
19640501,1.42,-0.87,1.88,0.26,01MAY1964,1964,5,196405
19640601,1.27,-0.28,0.72,0.3,01JUN1964,1964,6,196406
19640701,1.74,0.23,0.7,0.3,01JUL1964,1964,7,196407
19640801,-1.44,0.09,0.12,0.28,01AUG1964,1964,8,196408
19640901,2.69,-0.52,1.65,0.28,01SEP1964,1964,9,196409
19641001,0.59,0.45,1.14,0.29,01OCT1964,1964,10,196410
19641101,0,0.6,-1.96,0.29,01NOV1964,1964,11,196411
19641201,0.03,-0.24,-2.58,0.31,01DEC1964,1964,12,196412
19650101,3.54,2.67,0.2,0.28,01JAN1965,1965,1,196501
19650201,0.44,3.48,0.19,0.3,01FEB1965,1965,2,196502
19650301,-1.34,1.79,1.07,0.36,01MAR1965,1965,3,196503
19650401,3.11,1.19,0.7,0.31,01APR1965,1965,4,196504
19650501,-0.77,0.03,-1.62,0.31,01MAY1965,1965,5,196505
19650601,-5.51,-4.35,0.58,0.35,01JUN1965,1965,6,196506
19650701,1.43,0.85,2.21,0.31,01JUL1965,1965,7,196507
19650801,2.73,2.84,-1.07,0.33,01AUG1965,1965,8,196508
19650901,2.86,0.62,-0.11,0.31,01SEP1965,1965,9,196509
19651001,2.6,2.43,1.6,0.31,01OCT1965,1965,10,196510
19651101,-0.03,4.68,0.23,0.35,01NOV1965,1965,11,196511
19651201,1.01,2.07,2.08,0.33,01DEC1965,1965,12,196512
19660101,0.72,3.85,3.57,0.38,01JAN1966,1966,1,196601
19660201,-1.21,4.45,0.36,0.35,01FEB1966,1966,2,196602
19660301,-2.51,0.95,-2.05,0.38,01MAR1966,1966,3,196603
19660401,2.14,3.43,-0.44,0.34,01APR1966,1966,4,196604
19660501,-5.66,-4.65,-1.65,0.41,01MAY1966,1966,5,196605
19660601,-1.44,1.06,0.49,0.38,01JUN1966,1966,6,196606
19660701,-1.63,-0.32,0.82,0.35,01JUL1966,1966,7,196607
19660801,-7.91,-3.32,0.56,0.41,01AUG1966,1966,8,196608
19660901,-1.06,-1.1,0.5,0.4,01SEP1966,1966,9,196609
19661001,3.86,-6.59,2.81,0.45,01OCT1966,1966,10,196610
19661101,1.4,4.33,-4.6,0.4,01NOV1966,1966,11,196611
19661201,0.13,1.85,-1.29,0.4,01DEC1966,1966,12,196612
19670101,8.15,8.43,2.03,0.43,01JAN1967,1967,1,196701
19670201,0.78,3.37,-2.26,0.36,01FEB1967,1967,2,196702
19670301,3.99,1.74,0.19,0.39,01MAR1967,1967,3,196703
19670401,3.89,0.57,-2.54,0.32,01APR1967,1967,4,196704
19670501,-4.33,2,0.89,0.33,01MAY1967,1967,5,196705
19670601,2.41,5.99,0.94,0.27,01JUN1967,1967,6,196706
19670701,4.58,3.09,2.65,0.31,01JUL1967,1967,7,196707
19670801,-0.89,0.48,1.47,0.31,01AUG1967,1967,8,196708
19670901,3.11,3.09,-2.47,0.32,01SEP1967,1967,9,196709
19671001,-3.09,1.42,-3.39,0.39,01OCT1967,1967,10,196710
19671101,0.37,0.2,-1.71,0.36,01NOV1967,1967,11,196711
19671201,3.05,5.73,-0.39,0.33,01DEC1967,1967,12,196712
19680101,-4.06,3.89,4.76,0.4,01JAN1968,1968,1,196801
19680201,-3.75,-2.96,1.17,0.39,01FEB1968,1968,2,196802
19680301,0.2,-1.29,-0.59,0.38,01MAR1968,1968,3,196803
19680401,9.05,5.73,-1.03,0.43,01APR1968,1968,4,196804
19680501,2.28,6.41,0.84,0.45,01MAY1968,1968,5,196805
19680601,0.69,-0.17,0.67,0.43,01JUN1968,1968,6,196806
19680701,-2.72,-1.31,5.48,0.48,01JUL1968,1968,7,196807
19680801,1.34,2.35,1.01,0.42,01AUG1968,1968,8,196808
19680901,4.03,2.79,0.24,0.43,01SEP1968,1968,9,196809
19681001,0.42,-0.48,2.9,0.44,01OCT1968,1968,10,196810
19681101,5.43,2.36,-0.9,0.42,01NOV1968,1968,11,196811
19681201,-3.94,3.44,0.02,0.43,01DEC1968,1968,12,196812
19690101,-1.25,-0.79,1.69,0.53,01JAN1969,1969,1,196901
19690201,-5.84,-3.88,0.92,0.46,01FEB1969,1969,2,196902
19690301,2.64,-0.25,-0.45,0.46,01MAR1969,1969,3,196903
19690401,1.46,-0.87,0.05,0.53,01APR1969,1969,4,196904
19690501,-0.1,-0.27,0.73,0.48,01MAY1969,1969,5,196905
19690601,-7.18,-5.39,-1.09,0.51,01JUN1969,1969,6,196906
19690701,-7,-3.2,1.43,0.53,01JUL1969,1969,7,196907
19690801,4.68,0.93,-3.86,0.5,01AUG1969,1969,8,196908
19690901,-2.98,1.22,-3.22,0.62,01SEP1969,1969,9,196909
19691001,5.06,3.8,-3.22,0.6,01OCT1969,1969,10,196910
19691101,-3.79,-2.53,-1.11,0.52,01NOV1969,1969,11,196911
19691201,-2.63,-3.66,-3.07,0.64,01DEC1969,1969,12,196912
19700101,-8.1,2.91,3.06,0.6,01JAN1970,1970,1,197001
19700201,5.13,-2.38,4.03,0.62,01FEB1970,1970,2,197002
19700301,-1.06,-2.32,4.25,0.57,01MAR1970,1970,3,197003
19700401,-11,-6.11,6.4,0.5,01APR1970,1970,4,197004
19700501,-6.92,-4.5,3.65,0.53,01MAY1970,1970,5,197005
19700601,-5.79,-2.13,0.79,0.58,01JUN1970,1970,6,197006
19700701,6.93,-0.56,1.03,0.52,01JUL1970,1970,7,197007
19700801,4.49,1.53,1.07,0.53,01AUG1970,1970,8,197008
19700901,4.18,8.63,-5.5,0.54,01SEP1970,1970,9,197009
19701001,-2.28,-4.22,0.2,0.46,01OCT1970,1970,10,197010
19701101,4.59,-4.07,1.68,0.46,01NOV1970,1970,11,197011
19701201,5.72,2.93,0.99,0.42,01DEC1970,1970,12,197012
19710101,4.84,7.44,1.35,0.38,01JAN1971,1971,1,197101
19710201,1.41,1.9,-1.34,0.33,01FEB1971,1971,2,197102
19710301,4.13,2.57,-4,0.3,01MAR1971,1971,3,197103
19710401,3.15,-0.48,0.74,0.28,01APR1971,1971,4,197104
19710501,-3.98,-1.1,-1.38,0.29,01MAY1971,1971,5,197105
19710601,-0.1,-1.43,-2,0.37,01JUN1971,1971,6,197106
19710701,-4.5,-1.5,0.14,0.4,01JUL1971,1971,7,197107
19710801,3.79,-0.19,2.72,0.47,01AUG1971,1971,8,197108
19710901,-0.85,0.41,-2.95,0.37,01SEP1971,1971,9,197109
19711001,-4.42,-1.78,-0.48,0.37,01OCT1971,1971,10,197110
19711101,-0.46,-2.83,-1.75,0.37,01NOV1971,1971,11,197111
19711201,8.71,3.28,-0.24,0.37,01DEC1971,1971,12,197112
19720101,2.49,6.11,2.06,0.29,01JAN1972,1972,1,197201
19720201,2.87,1.39,-2.75,0.25,01FEB1972,1972,2,197202
19720301,0.63,-0.27,-1.66,0.27,01MAR1972,1972,3,197203
19720401,0.29,-0.02,0.39,0.29,01APR1972,1972,4,197204
19720501,1.25,-2.79,-2.73,0.3,01MAY1972,1972,5,197205
19720601,-2.43,0.32,-2.42,0.29,01JUN1972,1972,6,197206
19720701,-0.8,-2.89,0.77,0.31,01JUL1972,1972,7,197207
19720801,3.26,-4.07,4.64,0.29,01AUG1972,1972,8,197208
19720901,-1.14,-2.69,0.5,0.34,01SEP1972,1972,9,197209
19721001,0.52,-2.71,1.32,0.4,01OCT1972,1972,10,197210
19721101,4.6,-1.12,4.76,0.37,01NOV1972,1972,11,197211
19721201,0.62,-1.86,-2.26,0.37,01DEC1972,1972,12,197212
19730101,-3.29,-3.5,2.7,0.44,01JAN1973,1973,1,197301
19730201,-4.85,-3.99,1.7,0.41,01FEB1973,1973,2,197302
19730301,-1.29,-2.87,2.83,0.46,01MAR1973,1973,3,197303
19730401,-5.68,-3.99,5.69,0.52,01APR1973,1973,4,197304
19730501,-2.94,-6.12,0.21,0.51,01MAY1973,1973,5,197305
19730601,-1.56,-2.94,1.42,0.51,01JUN1973,1973,6,197306
19730701,5.04,7.86,-5.18,0.64,01JUL1973,1973,7,197307
19730801,-3.84,-2.04,1.19,0.7,01AUG1973,1973,8,197308
19730901,4.75,2.91,2.11,0.68,01SEP1973,1973,9,197309
19731001,-0.86,-0.17,1.74,0.65,01OCT1973,1973,10,197310
19731101,-12.74,-7.7,4.01,0.56,01NOV1973,1973,11,197311
19731201,0.58,-5.33,4.24,0.64,01DEC1973,1973,12,197312
19740101,-0.17,9.87,5.86,0.63,01JAN1974,1974,1,197401
19740201,-0.48,0.01,2.55,0.58,01FEB1974,1974,2,197402
19740301,-2.81,2.48,-0.09,0.56,01MAR1974,1974,3,197403
19740401,-5.29,-0.72,1.01,0.75,01APR1974,1974,4,197404
19740501,-4.67,-3.04,-2.07,0.75,01MAY1974,1974,5,197405
19740601,-2.83,-0.18,0.77,0.6,01JUN1974,1974,6,197406
19740701,-8.05,0.9,5.22,0.7,01JUL1974,1974,7,197407
19740801,-9.35,-0.69,2.56,0.6,01AUG1974,1974,8,197408
19740901,-11.77,0.26,5.54,0.81,01SEP1974,1974,9,197409
19741001,16.1,-3.5,-9.72,0.51,01OCT1974,1974,10,197410
19741101,-4.51,-1.18,-0.1,0.54,01NOV1974,1974,11,197411
19741201,-3.45,-4.84,0.07,0.7,01DEC1974,1974,12,197412
19750101,13.66,11.01,8.22,0.58,01JAN1975,1975,1,197501
19750201,5.56,0.17,-4.5,0.43,01FEB1975,1975,2,197502
19750301,2.66,3.77,2.41,0.41,01MAR1975,1975,3,197503
19750401,4.23,-0.52,-1.11,0.44,01APR1975,1975,4,197504
19750501,5.19,3.84,-4.08,0.44,01MAY1975,1975,5,197505
19750601,4.83,0.77,1.28,0.41,01JUN1975,1975,6,197506
19750701,-6.59,2.68,1.69,0.48,01JUL1975,1975,7,197507
19750801,-2.85,-3.2,-0.9,0.48,01AUG1975,1975,8,197508
19750901,-4.26,-0.13,0.35,0.53,01SEP1975,1975,9,197509
19751001,5.31,-4.02,0.3,0.56,01OCT1975,1975,10,197510
19751101,2.65,-1.19,1.99,0.41,01NOV1975,1975,11,197511
19751201,-1.6,-0.76,1.76,0.48,01DEC1975,1975,12,197512
19760101,12.16,4.81,8.57,0.47,01JAN1976,1976,1,197601
19760201,0.32,7.04,5.77,0.34,01FEB1976,1976,2,197602
19760301,2.33,-1.16,-0.02,0.4,01MAR1976,1976,3,197603
19760401,-1.49,-0.04,-0.06,0.42,01APR1976,1976,4,197604
19760501,-1.34,-1.25,-1.33,0.37,01MAY1976,1976,5,197605
19760601,4.05,-1.35,0.68,0.43,01JUN1976,1976,6,197606
19760701,-1.07,0.3,1.74,0.47,01JUL1976,1976,7,197607
19760801,-0.56,-2,0.77,0.42,01AUG1976,1976,8,197608
19760901,2.06,-0.01,-0.29,0.44,01SEP1976,1976,9,197609
19761001,-2.42,0.25,-0.13,0.41,01OCT1976,1976,10,197610
19761101,0.36,2.35,1.52,0.4,01NOV1976,1976,11,197611
19761201,5.65,3,2.22,0.4,01DEC1976,1976,12,197612
19770101,-4.05,4.78,4.27,0.36,01JAN1977,1977,1,197701
19770201,-1.95,1.1,0.49,0.35,01FEB1977,1977,2,197702
19770301,-1.37,1,1.03,0.38,01MAR1977,1977,3,197703
19770401,0.15,-0.11,3.45,0.38,01APR1977,1977,4,197704
19770501,-1.46,1.2,0.83,0.37,01MAY1977,1977,5,197705
19770601,4.71,2.13,-0.65,0.4,01JUN1977,1977,6,197706
19770701,-1.69,2.13,-0.61,0.42,01JUL1977,1977,7,197707
19770801,-1.75,1.52,-2.8,0.44,01AUG1977,1977,8,197708
19770901,-0.27,1.45,-0.49,0.43,01SEP1977,1977,9,197709
19771001,-4.38,1.27,1.71,0.49,01OCT1977,1977,10,197710
19771101,4,3.69,0.36,0.5,01NOV1977,1977,11,197711
19771201,0.27,1.33,-0.35,0.49,01DEC1977,1977,12,197712
19780101,-6.01,2.22,3.28,0.49,01JAN1978,1978,1,197801
19780201,-1.38,3.56,0.8,0.46,01FEB1978,1978,2,197802
19780301,2.85,3.45,1.27,0.53,01MAR1978,1978,3,197803
19780401,7.88,0.38,-3.48,0.54,01APR1978,1978,4,197804
19780501,1.76,4.56,-0.63,0.51,01MAY1978,1978,5,197805
19780601,-1.69,1.69,0.58,0.54,01JUN1978,1978,6,197806
19780701,5.11,0.28,-1.09,0.56,01JUL1978,1978,7,197807
19780801,3.75,5.1,-0.48,0.56,01AUG1978,1978,8,197808
19780901,-1.43,-0.41,1.87,0.62,01SEP1978,1978,9,197809
19781001,-11.91,-9.9,1.36,0.68,01OCT1978,1978,10,197810
19781101,2.71,3.01,-2.21,0.7,01NOV1978,1978,11,197811
19781201,0.88,1.25,-2.19,0.78,01DEC1978,1978,12,197812
19790101,4.23,3.68,2.24,0.77,01JAN1979,1979,1,197901
19790201,-3.56,0.45,1.18,0.73,01FEB1979,1979,2,197902
19790301,5.68,3.19,-0.65,0.81,01MAR1979,1979,3,197903
19790401,-0.06,2.16,1.07,0.8,01APR1979,1979,4,197904
19790501,-2.21,0.55,1.92,0.82,01MAY1979,1979,5,197905
19790601,3.85,1.18,1.48,0.81,01JUN1979,1979,6,197906
19790701,0.82,1.26,1.68,0.77,01JUL1979,1979,7,197907
19790801,5.53,2.07,-1.49,0.77,01AUG1979,1979,8,197908
19790901,-0.82,-0.24,-0.89,0.83,01SEP1979,1979,9,197909
19791001,-8.1,-3.32,-1.89,0.87,01OCT1979,1979,10,197910
19791101,5.21,2.74,-3.27,0.99,01NOV1979,1979,11,197911
19791201,1.79,4.19,-2.03,0.95,01DEC1979,1979,12,197912
19800101,5.51,1.65,1.85,0.8,01JAN1980,1980,1,198001
19800201,-1.22,-1.81,0.62,0.89,01FEB1980,1980,2,198002
19800301,-12.9,-6.64,-1.06,1.21,01MAR1980,1980,3,198003
19800401,3.97,0.96,1.05,1.26,01APR1980,1980,4,198004
19800501,5.26,2.13,0.44,0.81,01MAY1980,1980,5,198005
19800601,3.06,1.67,-0.88,0.61,01JUN1980,1980,6,198006
19800701,6.49,4.24,-6.3,0.53,01JUL1980,1980,7,198007
19800801,1.8,3.91,-2.64,0.64,01AUG1980,1980,8,198008
19800901,2.19,0.88,-4.79,0.75,01SEP1980,1980,9,198009
19801001,1.06,2.47,-2.73,0.95,01OCT1980,1980,10,198010
19801101,9.59,-3.45,-8.34,0.96,01NOV1980,1980,11,198011
19801201,-4.52,-0.27,2.68,1.31,01DEC1980,1980,12,198012
19810101,-5.04,3,6.84,1.04,01JAN1981,1981,1,198101
19810201,0.56,-0.3,0.96,1.07,01FEB1981,1981,2,198102
19810301,3.56,3.58,0.67,1.21,01MAR1981,1981,3,198103
19810401,-2.1,4.42,2.26,1.08,01APR1981,1981,4,198104
19810501,0.11,2,-0.42,1.15,01MAY1981,1981,5,198105
19810601,-2.36,-0.85,5.12,1.35,01JUN1981,1981,6,198106
19810701,-1.54,-2.18,-0.63,1.24,01JUL1981,1981,7,198107
19810801,-7.03,-1.95,4.83,1.28,01AUG1981,1981,8,198108
19810901,-7.17,-2.66,5.18,1.24,01SEP1981,1981,9,198109
19811001,4.92,2.14,-4.21,1.21,01OCT1981,1981,10,198110
19811101,3.36,-0.97,1.89,1.07,01NOV1981,1981,11,198111
19811201,-3.65,1.18,0.75,0.87,01DEC1981,1981,12,198112
19820101,-3.24,-1.29,3.14,0.8,01JAN1982,1982,1,198201
19820201,-5.86,0.48,6.07,0.92,01FEB1982,1982,2,198202
19820301,-1.87,-0.2,3.78,0.98,01MAR1982,1982,3,198203
19820401,3.27,1.51,-2.81,1.13,01APR1982,1982,4,198204
19820501,-3.99,0.47,1.82,1.06,01MAY1982,1982,5,198205
19820601,-3.09,-0.4,1.51,0.96,01JUN1982,1982,6,198206
19820701,-3.19,0.84,0.15,1.05,01JUL1982,1982,7,198207
19820801,11.14,-4.11,1.16,0.76,01AUG1982,1982,8,198208
19820901,1.29,2.88,0.34,0.51,01SEP1982,1982,9,198209
19821001,11.3,2.36,-3.68,0.59,01OCT1982,1982,10,198210
19821101,4.67,4.77,-1.96,0.63,01NOV1982,1982,11,198211
19821201,0.55,-0.18,0.01,0.67,01DEC1982,1982,12,198212
19830101,3.6,2.69,-0.86,0.69,01JAN1983,1983,1,198301
19830201,2.59,3.23,0.67,0.62,01FEB1983,1983,2,198302
19830301,2.82,1.78,2.07,0.63,01MAR1983,1983,3,198303
19830401,6.67,0.54,0.6,0.71,01APR1983,1983,4,198304
19830501,0.52,6.15,-1.39,0.69,01MAY1983,1983,5,198305
19830601,3.07,0.9,-3.86,0.67,01JUN1983,1983,6,198306
19830701,-4.07,1.47,5.58,0.74,01JUL1983,1983,7,198307
19830801,-0.5,-4.29,5.52,0.76,01AUG1983,1983,8,198308
19830901,0.92,0.56,1.06,0.76,01SEP1983,1983,9,198309
19831001,-3.44,-3.6,5.02,0.76,01OCT1983,1983,10,198310
19831101,2.16,2.03,-0.64,0.7,01NOV1983,1983,11,198311
19831201,-1.78,-0.29,1.68,0.73,01DEC1983,1983,12,198312
19840101,-1.92,-0.43,7.6,0.76,01JAN1984,1984,1,198401
19840201,-4.82,-1.7,3.3,0.71,01FEB1984,1984,2,198402
19840301,0.63,0.06,0.48,0.73,01MAR1984,1984,3,198403
19840401,-0.52,-1.19,1.24,0.81,01APR1984,1984,4,198404
19840501,-5.97,0.05,0.24,0.78,01MAY1984,1984,5,198405
19840601,1.82,-0.31,-2.61,0.75,01JUN1984,1984,6,198406
19840701,-2.74,-2.21,0.43,0.82,01JUL1984,1984,7,198407
19840801,10.28,-0.25,-1.81,0.83,01AUG1984,1984,8,198408
19840901,-0.8,0.22,5.28,0.86,01SEP1984,1984,9,198409
19841001,-0.84,-1.21,0.49,1,01OCT1984,1984,10,198410
19841101,-1.76,-0.61,4.05,0.73,01NOV1984,1984,11,198411
19841201,1.84,-0.6,-0.16,0.64,01DEC1984,1984,12,198412
19850101,7.99,3.27,-5.4,0.65,01JAN1985,1985,1,198501
19850201,1.22,0.77,-0.14,0.58,01FEB1985,1985,2,198502
19850301,-0.84,-1.14,4.05,0.62,01MAR1985,1985,3,198503
19850401,-0.96,0.15,3.71,0.72,01APR1985,1985,4,198504
19850501,5.09,-2.25,-0.85,0.66,01MAY1985,1985,5,198505
19850601,1.27,0.56,0.55,0.55,01JUN1985,1985,6,198506
19850701,-0.74,2.85,-1.66,0.62,01JUL1985,1985,7,198507
19850801,-1.02,-0.34,2.25,0.55,01AUG1985,1985,8,198508
19850901,-4.54,-1.58,1.32,0.6,01SEP1985,1985,9,198509
19851001,4.02,-1.57,0.78,0.65,01OCT1985,1985,10,198510
19851101,6.48,0.22,-2.92,0.61,01NOV1985,1985,11,198511
19851201,3.88,-0.5,-1.58,0.65,01DEC1985,1985,12,198512
19860101,0.65,1.22,0.56,0.56,01JAN1986,1986,1,198601
19860201,7.13,-0.65,-0.93,0.53,01FEB1986,1986,2,198602
19860301,4.88,-0.51,-0.47,0.6,01MAR1986,1986,3,198603
19860401,-1.31,2.84,-2.91,0.52,01APR1986,1986,4,198604
19860501,4.62,-1.31,-0.11,0.49,01MAY1986,1986,5,198605
19860601,1.03,-0.9,1.39,0.52,01JUN1986,1986,6,198606
19860701,-6.45,-3.38,4.77,0.52,01JUL1986,1986,7,198607
19860801,6.07,-4.18,3.51,0.46,01AUG1986,1986,8,198608
19860901,-8.6,2.28,3.19,0.45,01SEP1986,1986,9,198609
19861001,4.66,-2.49,-1.34,0.46,01OCT1986,1986,10,198610
19861101,1.17,-1.92,-0.05,0.39,01NOV1986,1986,11,198611
19861201,-3.27,0.08,0.33,0.49,01DEC1986,1986,12,198612
19870101,12.47,-1.8,-3.17,0.42,01JAN1987,1987,1,198701
19870201,4.39,3.49,-5.98,0.43,01FEB1987,1987,2,198702
19870301,1.64,0.37,1.64,0.47,01MAR1987,1987,3,198703
19870401,-2.11,-1.7,-0.32,0.44,01APR1987,1987,4,198704
19870501,0.11,-0.52,0.12,0.38,01MAY1987,1987,5,198705
19870601,3.94,-2.19,1.06,0.48,01JUN1987,1987,6,198706
19870701,3.85,-0.63,0.71,0.46,01JUL1987,1987,7,198707
19870801,3.52,-0.75,-0.93,0.47,01AUG1987,1987,8,198708
19870901,-2.59,0.53,0.28,0.45,01SEP1987,1987,9,198709
19871001,-23.24,-8.42,4.23,0.6,01OCT1987,1987,10,198710
19871101,-7.77,2.76,3.08,0.35,01NOV1987,1987,11,198711
19871201,6.81,0.13,-4.45,0.39,01DEC1987,1987,12,198712
19880101,4.21,-0.7,5.17,0.29,01JAN1988,1988,1,198801
19880201,4.75,3.35,-1.65,0.46,01FEB1988,1988,2,198802
19880301,-2.27,6.15,0.75,0.44,01MAR1988,1988,3,198803
19880401,0.56,0.96,1.68,0.46,01APR1988,1988,4,198804
19880501,-0.29,-2.65,2.28,0.51,01MAY1988,1988,5,198805
19880601,4.79,2.12,-1.11,0.49,01JUN1988,1988,6,198806
19880701,-1.25,-0.21,2.27,0.51,01JUL1988,1988,7,198807
19880801,-3.31,0.08,2.08,0.59,01AUG1988,1988,8,198808
19880901,3.3,-1.26,-0.69,0.62,01SEP1988,1988,9,198809
19881001,1.15,-2.9,1.68,0.61,01OCT1988,1988,10,198810
19881101,-2.29,-1.73,1.27,0.57,01NOV1988,1988,11,198811
19881201,1.49,1.94,-1.55,0.63,01DEC1988,1988,12,198812
19890101,6.1,-2.13,0.53,0.55,01JAN1989,1989,1,198901
19890201,-2.25,2.76,0.88,0.61,01FEB1989,1989,2,198902
19890301,1.57,0.73,0.48,0.67,01MAR1989,1989,3,198903
19890401,4.33,-0.59,-1.47,0.67,01APR1989,1989,4,198904
19890501,3.35,-0.03,-0.83,0.79,01MAY1989,1989,5,198905
19890601,-1.35,-1.01,2.16,0.71,01JUN1989,1989,6,198906
19890701,7.2,-4.02,-2.83,0.7,01JUL1989,1989,7,198907
19890801,1.44,0.5,0.73,0.74,01AUG1989,1989,8,198908
19890901,-0.76,0.28,-1.33,0.65,01SEP1989,1989,9,198909
19891001,-3.67,-3.3,-1.02,0.68,01OCT1989,1989,10,198910
19891101,1.03,-1.24,-1.11,0.69,01NOV1989,1989,11,198911
19891201,1.16,-2.41,0.3,0.61,01DEC1989,1989,12,198912
19900101,-7.85,-1.28,0.86,0.57,01JAN1990,1990,1,199001
19900201,1.11,1.03,0.61,0.57,01FEB1990,1990,2,199002
19900301,1.83,1.52,-2.89,0.64,01MAR1990,1990,3,199003
19900401,-3.36,-0.5,-2.55,0.69,01APR1990,1990,4,199004
19900501,8.42,-2.56,-3.73,0.68,01MAY1990,1990,5,199005
19900601,-1.09,1.43,-1.95,0.63,01JUN1990,1990,6,199006
19900701,-1.9,-3.2,-0.02,0.68,01JUL1990,1990,7,199007
19900801,-10.15,-3.58,1.63,0.66,01AUG1990,1990,8,199008
19900901,-6.12,-3.67,0.74,0.6,01SEP1990,1990,9,199009
19901001,-1.92,-5.53,0.29,0.68,01OCT1990,1990,10,199010
19901101,6.35,0.32,-3.11,0.57,01NOV1990,1990,11,199011
19901201,2.46,0.81,-1.56,0.6,01DEC1990,1990,12,199012
19910101,4.69,3.8,-1.84,0.52,01JAN1991,1991,1,199101
19910201,7.19,3.94,-0.54,0.48,01FEB1991,1991,2,199102
19910301,2.65,3.9,-1.24,0.44,01MAR1991,1991,3,199103
19910401,-0.28,0.51,1.4,0.53,01APR1991,1991,4,199104
19910501,3.65,-0.34,-0.56,0.47,01MAY1991,1991,5,199105
19910601,-4.94,0.07,1.21,0.42,01JUN1991,1991,6,199106
19910701,4.24,-0.95,-1.27,0.49,01JUL1991,1991,7,199107
19910801,2.32,1.59,-0.79,0.46,01AUG1991,1991,8,199108
19910901,-1.59,1.63,-0.98,0.46,01SEP1991,1991,9,199109
19911001,1.29,0.9,-0.44,0.42,01OCT1991,1991,10,199110
19911101,-4.19,-0.47,-1.91,0.39,01NOV1991,1991,11,199111
19911201,10.84,-2.24,-4.04,0.38,01DEC1991,1991,12,199112
19920101,-0.59,8.45,4.5,0.34,01JAN1992,1992,1,199201
19920201,1.09,0.88,6.36,0.28,01FEB1992,1992,2,199202
19920301,-2.66,-1.03,3.66,0.34,01MAR1992,1992,3,199203
19920401,1.07,-6.12,4.28,0.32,01APR1992,1992,4,199204
19920501,0.3,0.4,1.27,0.28,01MAY1992,1992,5,199205
19920601,-2.34,-3.09,3.41,0.32,01JUN1992,1992,6,199206
19920701,3.77,-0.44,-0.53,0.31,01JUL1992,1992,7,199207
19920801,-2.38,-0.11,-1.04,0.26,01AUG1992,1992,8,199208
19920901,1.19,0.56,-0.21,0.26,01SEP1992,1992,9,199209
19921001,1.02,2.04,-2.1,0.23,01OCT1992,1992,10,199210
19921101,4.13,3.69,-1.48,0.23,01NOV1992,1992,11,199211
19921201,1.53,1.65,2.51,0.28,01DEC1992,1992,12,199212
19930101,0.93,2.05,5.89,0.23,01JAN1993,1993,1,199301
19930201,0.12,-3.44,6.42,0.22,01FEB1993,1993,2,199302
19930301,2.3,0.24,1.24,0.25,01MAR1993,1993,3,199303
19930401,-3.05,-0.7,2.61,0.24,01APR1993,1993,4,199304
19930501,2.89,1.96,-3.41,0.22,01MAY1993,1993,5,199305
19930601,0.31,-0.3,2.61,0.25,01JUN1993,1993,6,199306
19930701,-0.34,0.93,3.25,0.24,01JUL1993,1993,7,199307
19930801,3.71,0.32,-0.45,0.25,01AUG1993,1993,8,199308
19930901,-0.12,3.12,-0.44,0.26,01SEP1993,1993,9,199309
19931001,1.41,1.45,-1.55,0.22,01OCT1993,1993,10,199310
19931101,-1.89,-1.43,-0.27,0.25,01NOV1993,1993,11,199311
19931201,1.65,1.22,0.57,0.23,01DEC1993,1993,12,199312
19940101,2.87,0.13,2.08,0.25,01JAN1994,1994,1,199401
19940201,-2.55,2.73,-1.44,0.21,01FEB1994,1994,2,199402
19940301,-4.78,-0.97,1.32,0.27,01MAR1994,1994,3,199403
19940401,0.68,-0.92,1.68,0.27,01APR1994,1994,4,199404
19940501,0.58,-2.02,0.19,0.31,01MAY1994,1994,5,199405
19940601,-3.03,-0.47,1.68,0.31,01JUN1994,1994,6,199406
19940701,2.82,-1.72,0.6,0.28,01JUL1994,1994,7,199407
19940801,4.01,1.33,-2.82,0.37,01AUG1994,1994,8,199408
19940901,-2.31,2.82,-1.91,0.37,01SEP1994,1994,9,199409
19941001,1.34,-2.36,-1.74,0.38,01OCT1994,1994,10,199410
19941101,-4.04,0.27,-0.95,0.37,01NOV1994,1994,11,199411
19941201,0.86,0.03,0.53,0.44,01DEC1994,1994,12,199412
19950101,1.8,-2.65,0.81,0.42,01JAN1995,1995,1,199501
19950201,3.63,-0.69,1.04,0.4,01FEB1995,1995,2,199502
19950301,2.19,-0.7,-1.06,0.46,01MAR1995,1995,3,199503
19950401,2.11,-0.63,2.25,0.44,01APR1995,1995,4,199504
19950501,2.9,-2.2,1.68,0.54,01MAY1995,1995,5,199505
19950601,2.72,2.93,-2.27,0.47,01JUN1995,1995,6,199506
19950701,3.72,2.09,-1.69,0.45,01JUL1995,1995,7,199507
19950801,0.55,1.6,2.72,0.47,01AUG1995,1995,8,199508
19950901,3.35,-2.11,-0.76,0.43,01SEP1995,1995,9,199509
19951001,-1.52,-3.74,-0.75,0.47,01OCT1995,1995,10,199510
19951101,3.96,-1.17,0.95,0.42,01NOV1995,1995,11,199511
19951201,1.03,0.57,0.86,0.49,01DEC1995,1995,12,199512
19960101,2.26,-2.61,0.32,0.43,01JAN1996,1996,1,199601
19960201,1.33,1.87,-1.44,0.39,01FEB1996,1996,2,199602
19960301,0.73,1.3,0.99,0.39,01MAR1996,1996,3,199603
19960401,2.06,4.92,-3.9,0.46,01APR1996,1996,4,199604
19960501,2.36,3.04,-1.21,0.42,01MAY1996,1996,5,199605
19960601,-1.14,-3.58,1.55,0.4,01JUN1996,1996,6,199606
19960701,-5.97,-3.84,4.42,0.45,01JUL1996,1996,7,199607
19960801,2.77,2.29,-0.43,0.41,01AUG1996,1996,8,199608
19960901,5.01,-0.87,-3.13,0.44,01SEP1996,1996,9,199609
19961001,0.86,-4.47,5.1,0.42,01OCT1996,1996,10,199610
19961101,6.25,-3.91,1.21,0.41,01NOV1996,1996,11,199611
19961201,-1.7,3.21,0.86,0.46,01DEC1996,1996,12,199612
19970101,4.98,-1.84,-1.65,0.45,01JAN1997,1997,1,199701
19970201,-0.49,-2.9,5.18,0.39,01FEB1997,1997,2,199702
19970301,-5.02,-0.38,3.78,0.43,01MAR1997,1997,3,199703
19970401,4.04,-5.64,-0.07,0.43,01APR1997,1997,4,199704
19970501,6.74,4.92,-3.91,0.49,01MAY1997,1997,5,199705
19970601,4.1,1.35,1.21,0.37,01JUN1997,1997,6,199706
19970701,7.33,-2.79,0.85,0.43,01JUL1997,1997,7,199707
19970801,-4.15,7.29,1.37,0.41,01AUG1997,1997,8,199708
19970901,5.35,2.61,0.01,0.44,01SEP1997,1997,9,199709
19971001,-3.8,-0.66,1.94,0.42,01OCT1997,1997,10,199710
19971101,2.98,-4.96,0.77,0.39,01NOV1997,1997,11,199711
19971201,1.32,-2.32,3.45,0.48,01DEC1997,1997,12,199712
19980101,0.15,-1.16,-1.43,0.43,01JAN1998,1998,1,199801
19980201,7.04,0.01,-0.15,0.39,01FEB1998,1998,2,199802
19980301,4.76,-0.93,1.03,0.39,01MAR1998,1998,3,199803
19980401,0.73,0.22,0.78,0.43,01APR1998,1998,4,199804
19980501,-3.07,-3.75,4.15,0.4,01MAY1998,1998,5,199805
19980601,3.18,-3.14,-2.34,0.41,01JUN1998,1998,6,199806
19980701,-2.46,-5.13,-0.98,0.4,01JUL1998,1998,7,199807
19980801,-16.08,-5.3,3.39,0.43,01AUG1998,1998,8,199808
19980901,6.15,-0.14,-3.26,0.46,01SEP1998,1998,9,199809
19981001,7.13,-3.3,-2.2,0.32,01OCT1998,1998,10,199810
19981101,6.1,1.06,-3.13,0.31,01NOV1998,1998,11,199811
19981201,6.16,-0.34,-4.45,0.38,01DEC1998,1998,12,199812
19990101,3.5,0.37,-4.03,0.35,01JAN1999,1999,1,199901
19990201,-4.08,-5.64,1.37,0.35,01FEB1999,1999,2,199902
19990301,3.45,-3.93,-2.65,0.43,01MAR1999,1999,3,199903
19990401,4.33,3.96,2.54,0.37,01APR1999,1999,4,199904
19990501,-2.46,3.46,2.33,0.34,01MAY1999,1999,5,199905
19990601,4.77,3.04,-3.58,0.4,01JUN1999,1999,6,199906
19990701,-3.47,2.66,-0.8,0.38,01JUL1999,1999,7,199907
19990801,-1.38,-1.35,-1.27,0.39,01AUG1999,1999,8,199908
19990901,-2.81,3.33,-3.37,0.39,01SEP1999,1999,9,199909
19991001,6.13,-6.87,-2.97,0.39,01OCT1999,1999,10,199910
19991101,3.37,7.4,-6.51,0.36,01NOV1999,1999,11,199911
19991201,7.72,7.15,-8.69,0.44,01DEC1999,1999,12,199912
20000101,-4.74,5.01,-0.45,0.41,01JAN2000,2000,1,200001
20000201,2.45,22.08,-10.49,0.43,01FEB2000,2000,2,200002
20000301,5.2,-17.17,7.86,0.47,01MAR2000,2000,3,200003
20000401,-6.4,-7.77,8.57,0.46,01APR2000,2000,4,200004
20000501,-4.42,-4.94,2.39,0.5,01MAY2000,2000,5,200005
20000601,4.64,13.95,-10.03,0.4,01JUN2000,2000,6,200006
20000701,-2.51,-2.78,8.15,0.48,01JUL2000,2000,7,200007
20000801,7.03,-1.11,-0.69,0.5,01AUG2000,2000,8,200008
20000901,-5.45,-1.4,6.23,0.51,01SEP2000,2000,9,200009
20001001,-2.76,-3.77,5.55,0.56,01OCT2000,2000,10,200010
20001101,-10.72,-2.77,11.29,0.51,01NOV2000,2000,11,200011
20001201,1.19,0.96,7.3,0.5,01DEC2000,2000,12,200012
20010101,3.13,6.56,-4.88,0.54,01JAN2001,2001,1,200101
20010201,-10.05,-0.72,12.91,0.38,01FEB2001,2001,2,200102
20010301,-7.26,0.39,6.49,0.42,01MAR2001,2001,3,200103
20010401,7.94,0.5,-4.69,0.39,01APR2001,2001,4,200104
20010501,0.72,2.6,3.13,0.32,01MAY2001,2001,5,200105
20010601,-1.94,6.03,-1.09,0.28,01JUN2001,2001,6,200106
20010701,-2.13,-4.35,5.61,0.3,01JUL2001,2001,7,200107
20010801,-6.46,2.5,2.56,0.31,01AUG2001,2001,8,200108
20010901,-9.25,-6.11,1.56,0.28,01SEP2001,2001,9,200109
20011001,2.46,7.56,-8.02,0.22,01OCT2001,2001,10,200110
20011101,7.54,-0.4,2,0.17,01NOV2001,2001,11,200111
20011201,1.61,4.56,1.08,0.15,01DEC2001,2001,12,200112
20020101,-1.44,1.19,3.35,0.14,01JAN2002,2002,1,200201
20020201,-2.29,-1.14,2.51,0.13,01FEB2002,2002,2,200202
20020301,4.24,4.26,1.11,0.13,01MAR2002,2002,3,200203
20020401,-5.2,5.94,3.92,0.15,01APR2002,2002,4,200204
20020501,-1.38,-3.22,1.7,0.14,01MAY2002,2002,5,200205
20020601,-7.21,4.26,0.12,0.13,01JUN2002,2002,6,200206
20020701,-8.18,-5.37,-3.52,0.15,01JUL2002,2002,7,200207
20020801,0.5,-2.43,2.53,0.14,01AUG2002,2002,8,200208
20020901,-10.35,2.55,1.26,0.14,01SEP2002,2002,9,200209
20021001,7.84,-2.86,-5.4,0.14,01OCT2002,2002,10,200210
20021101,5.96,2.95,-0.95,0.12,01NOV2002,2002,11,200211
20021201,-5.76,0,2.21,0.11,01DEC2002,2002,12,200212
20030101,-2.57,1.44,-0.83,0.1,01JAN2003,2003,1,200301
20030201,-1.88,-0.35,-1.47,0.09,01FEB2003,2003,2,200302
20030301,1.09,1,-1.93,0.1,01MAR2003,2003,3,200303
20030401,8.22,0.61,1.11,0.1,01APR2003,2003,4,200304
20030501,6.05,4.84,-0.1,0.09,01MAY2003,2003,5,200305
20030601,1.42,1.6,0.57,0.1,01JUN2003,2003,6,200306
20030701,2.35,5.34,-1.02,0.07,01JUL2003,2003,7,200307
20030801,2.34,2.65,2.1,0.07,01AUG2003,2003,8,200308
20030901,-1.24,0.81,0.01,0.08,01SEP2003,2003,9,200309
20031001,6.08,2.81,1.93,0.07,01OCT2003,2003,10,200310
20031101,1.35,2.16,1.96,0.07,01NOV2003,2003,11,200311
20031201,4.29,-3.05,2.35,0.08,01DEC2003,2003,12,200312
20040101,2.15,2.74,1.96,0.07,01JAN2004,2004,1,200401
20040201,1.4,-1.43,0.48,0.06,01FEB2004,2004,2,200402
20040301,-1.32,1.77,0.25,0.09,01MAR2004,2004,3,200403
20040401,-1.83,-2.12,-2.62,0.08,01APR2004,2004,4,200404
20040501,1.17,-0.19,-0.35,0.06,01MAY2004,2004,5,200405
20040601,1.86,2.23,1.35,0.08,01JUN2004,2004,6,200406
20040701,-4.06,-3.8,4.09,0.1,01JUL2004,2004,7,200407
20040801,0.08,-1.59,0.96,0.11,01AUG2004,2004,8,200408
20040901,1.6,3.05,-0.24,0.11,01SEP2004,2004,9,200409
20041001,1.43,0.33,-0.56,0.11,01OCT2004,2004,10,200410
20041101,4.54,3.9,1.81,0.15,01NOV2004,2004,11,200411
20041201,3.43,0.16,-0.04,0.16,01DEC2004,2004,12,200412
20050101,-2.76,-1.53,1.95,0.16,01JAN2005,2005,1,200501
20050201,1.89,-0.49,1.65,0.16,01FEB2005,2005,2,200502
20050301,-1.97,-1.42,1.54,0.21,01MAR2005,2005,3,200503
20050401,-2.61,-4,-0.35,0.21,01APR2005,2005,4,200504
20050501,3.65,2.87,-0.81,0.24,01MAY2005,2005,5,200505
20050601,0.57,2.59,2.69,0.23,01JUN2005,2005,6,200506
20050701,3.92,2.89,-0.54,0.24,01JUL2005,2005,7,200507
20050801,-1.22,-0.93,1.27,0.3,01AUG2005,2005,8,200508
20050901,0.49,-0.58,0.76,0.29,01SEP2005,2005,9,200509
20051001,-2.02,-1.21,0.25,0.27,01OCT2005,2005,10,200510
20051101,3.61,0.89,-1.19,0.31,01NOV2005,2005,11,200511
20051201,-0.25,-0.49,0.4,0.32,01DEC2005,2005,12,200512
20060101,3.04,5.43,1.12,0.35,01JAN2006,2006,1,200601
20060201,-0.3,-0.38,-0.25,0.34,01FEB2006,2006,2,200602
20060301,1.46,3.51,0.51,0.37,01MAR2006,2006,3,200603
20060401,0.73,-1.34,2.61,0.36,01APR2006,2006,4,200604
20060501,-3.57,-3.03,2.57,0.43,01MAY2006,2006,5,200605
20060601,-0.35,-0.38,0.86,0.4,01JUN2006,2006,6,200606
20060701,-0.78,-4.07,2.92,0.4,01JUL2006,2006,7,200607
20060801,2.03,0.92,-1.72,0.42,01AUG2006,2006,8,200608
20060901,1.84,-1.36,0.03,0.41,01SEP2006,2006,9,200609
20061001,3.23,1.75,-0.05,0.41,01OCT2006,2006,10,200610
20061101,1.71,0.86,0.04,0.42,01NOV2006,2006,11,200611
20061201,0.87,-1.1,3.16,0.4,01DEC2006,2006,12,200612
20070101,1.4,0.1,-0.13,0.44,01JAN2007,2007,1,200701
20070201,-1.96,1.32,-0.1,0.38,01FEB2007,2007,2,200702
20070301,0.68,-0.06,-0.23,0.43,01MAR2007,2007,3,200703
20070401,3.49,-2.07,-1.15,0.44,01APR2007,2007,4,200704
20070501,3.24,-0.01,-0.07,0.41,01MAY2007,2007,5,200705
20070601,-1.96,0.79,-1.11,0.4,01JUN2007,2007,6,200706
20070701,-3.73,-2.5,-3.34,0.4,01JUL2007,2007,7,200707
20070801,0.92,-0.1,-2.25,0.42,01AUG2007,2007,8,200708
20070901,3.22,-2.28,-1.91,0.32,01SEP2007,2007,9,200709
20071001,1.8,0.22,-2.62,0.32,01OCT2007,2007,10,200710
20071101,-4.83,-2.61,-1.18,0.34,01NOV2007,2007,11,200711
20071201,-0.87,0.19,-0.44,0.27,01DEC2007,2007,12,200712
20080101,-6.36,-0.87,3.69,0.21,01JAN2008,2008,1,200801
20080201,-3.09,-0.21,-0.88,0.13,01FEB2008,2008,2,200802
20080301,-0.93,0.91,-0.18,0.17,01MAR2008,2008,3,200803
20080401,4.6,-1.65,-0.99,0.18,01APR2008,2008,4,200804
20080501,1.86,3.15,-1.49,0.18,01MAY2008,2008,5,200805
20080601,-8.44,1.32,-2.47,0.17,01JUN2008,2008,6,200806
20080701,-0.77,2.44,5.89,0.15,01JUL2008,2008,7,200807
20080801,1.53,3.61,1.57,0.13,01AUG2008,2008,8,200808
20080901,-9.24,-1.11,6.26,0.15,01SEP2008,2008,9,200809
20081001,-17.23,-2.25,-2.75,0.08,01OCT2008,2008,10,200810
20081101,-7.86,-3.01,-5.85,0.03,01NOV2008,2008,11,200811
20081201,1.74,3.62,-0.21,0,01DEC2008,2008,12,200812
20090101,-8.12,0.1,-11.25,0,01JAN2009,2009,1,200901
20090201,-10.1,0.15,-7.27,0.01,01FEB2009,2009,2,200902
20090301,8.95,-0.1,3.62,0.02,01MAR2009,2009,3,200903
20090401,10.19,4.74,5.44,0.01,01APR2009,2009,4,200904
20090501,5.21,-2.35,-0.14,0,01MAY2009,2009,5,200905
20090601,0.43,2.6,-2.66,0.01,01JUN2009,2009,6,200906
20090701,7.72,2.05,5.22,0.01,01JUL2009,2009,7,200907
20090801,3.33,-0.81,7.85,0.01,01AUG2009,2009,8,200908
20090901,4.08,2.49,0.97,0.01,01SEP2009,2009,9,200909
20091001,-2.59,-4.29,-4.26,0,01OCT2009,2009,10,200910
20091101,5.56,-2.48,-0.12,0,01NOV2009,2009,11,200911
20091201,2.75,6.11,0,0.01,01DEC2009,2009,12,200912
20100101,-3.36,0.37,0.3,0,01JAN2010,2010,1,201001
20100201,3.4,1.19,3.18,0,01FEB2010,2010,2,201002
20100301,6.31,1.49,2.15,0.01,01MAR2010,2010,3,201003
20100401,2,4.99,2.83,0.01,01APR2010,2010,4,201004
20100501,-7.89,0,-2.41,0.01,01MAY2010,2010,5,201005
20100601,-5.56,-2.01,-4.52,0.01,01JUN2010,2010,6,201006
20100701,6.93,0.21,-0.21,0.01,01JUL2010,2010,7,201007
20100801,-4.77,-2.99,-1.96,0.01,01AUG2010,2010,8,201008
20100901,9.54,3.92,-3.12,0.01,01SEP2010,2010,9,201009
20101001,3.88,1.14,-2.52,0.01,01OCT2010,2010,10,201010
20101101,0.6,3.68,-0.91,0.01,01NOV2010,2010,11,201011
20101201,6.82,0.68,3.78,0.01,01DEC2010,2010,12,201012
20110101,1.99,-2.48,0.82,0.01,01JAN2011,2011,1,201101
20110201,3.49,1.53,1.1,0.01,01FEB2011,2011,2,201102
20110301,0.45,2.58,-1.57,0.01,01MAR2011,2011,3,201103
20110401,2.9,-0.31,-2.53,0,01APR2011,2011,4,201104
20110501,-1.27,-0.72,-2.09,0,01MAY2011,2011,5,201105
20110601,-1.75,-0.2,-0.33,0,01JUN2011,2011,6,201106
20110701,-2.36,-1.34,-1.16,0,01JUL2011,2011,7,201107
20110801,-5.99,-3.03,-2.4,0.01,01AUG2011,2011,8,201108
20110901,-7.59,-3.54,-1.37,0,01SEP2011,2011,9,201109
20111001,11.35,3.44,-0.22,0,01OCT2011,2011,10,201110
20111101,-0.28,-0.18,-0.42,0,01NOV2011,2011,11,201111
20111201,0.74,-0.67,1.71,0,01DEC2011,2011,12,201112
20120101,5.05,2.15,-1.11,0,01JAN2012,2012,1,201201
20120201,4.42,-1.72,0.11,0,01FEB2012,2012,2,201202
20120301,3.11,-0.63,0.89,0,01MAR2012,2012,3,201203
20120401,-0.85,-0.54,-0.46,0,01APR2012,2012,4,201204
20120501,-6.19,0,-0.52,0.01,01MAY2012,2012,5,201205
20120601,3.89,0.79,0.41,0,01JUN2012,2012,6,201206
20120701,0.79,-2.6,-0.25,0,01JUL2012,2012,7,201207
20120801,2.55,0.39,1.34,0.01,01AUG2012,2012,8,201208
20120901,2.73,0.48,1.57,0.01,01SEP2012,2012,9,201209
20121001,-1.76,-1.09,3.64,0.01,01OCT2012,2012,10,201210
20121101,0.78,0.54,-0.81,0.01,01NOV2012,2012,11,201211
20121201,1.18,1.49,3.52,0.01,01DEC2012,2012,12,201212
20130101,5.57,0.44,0.95,0,01JAN2013,2013,1,201301
20130201,1.29,-0.43,0.11,0,01FEB2013,2013,2,201302
20130301,4.03,0.84,-0.26,0,01MAR2013,2013,3,201303
20130401,1.55,-2.43,0.57,0,01APR2013,2013,4,201304
20130501,2.8,1.69,2.49,0,01MAY2013,2013,5,201305
20130601,-1.2,1.17,-0.13,0,01JUN2013,2013,6,201306
20130701,5.65,1.88,0.61,0,01JUL2013,2013,7,201307
20130801,-2.71,0.25,-2.77,0,01AUG2013,2013,8,201308
20130901,3.77,2.94,-1.2,0,01SEP2013,2013,9,201309
20131001,4.18,-1.52,1.1,0,01OCT2013,2013,10,201310
20131101,3.12,1.25,0.26,0,01NOV2013,2013,11,201311
20131201,2.81,-0.48,-0.31,0,01DEC2013,2013,12,201312
20140101,-3.32,0.87,-2.13,0,01JAN2014,2014,1,201401
20140201,4.65,0.34,-0.37,0,01FEB2014,2014,2,201402
20140301,0.43,-1.85,5.03,0,01MAR2014,2014,3,201403
20140401,-0.19,-4.19,1.1,0,01APR2014,2014,4,201404
20140501,2.06,-1.85,-0.36,0,01MAY2014,2014,5,201405
20140601,2.61,3.01,-0.66,0,01JUN2014,2014,6,201406
20140701,-2.04,-4.22,-0.02,0,01JUL2014,2014,7,201407
20140801,4.24,0.4,-0.55,0,01AUG2014,2014,8,201408
20140901,-1.97,-3.8,-1.19,0,01SEP2014,2014,9,201409
20141001,2.52,4.28,-1.68,0,01OCT2014,2014,10,201410
20141101,2.55,-2.05,-2.98,0,01NOV2014,2014,11,201411
20141201,-0.06,2.59,2.12,0,01DEC2014,2014,12,201412
20150101,-3.11,-0.51,-3.47,0,01JAN2015,2015,1,201501
20150201,6.13,0.51,-1.73,0,01FEB2015,2015,2,201502
20150301,-1.12,3.07,-0.45,0,01MAR2015,2015,3,201503
20150401,0.59,-3.01,1.84,0,01APR2015,2015,4,201504
20150501,1.36,0.9,-1.32,0,01MAY2015,2015,5,201505
20150601,-1.53,2.85,-0.8,0,01JUN2015,2015,6,201506
20150701,1.54,-4.07,-4.21,0,01JUL2015,2015,7,201507
20150801,-6.04,0.52,2.71,0,01AUG2015,2015,8,201508
20150901,-3.08,-2.61,0.58,0,01SEP2015,2015,9,201509
20151001,7.75,-1.93,-0.11,0,01OCT2015,2015,10,201510
20151101,0.56,3.62,-0.57,0,01NOV2015,2015,11,201511
20151201,-2.17,-2.81,-2.46,0.01,01DEC2015,2015,12,201512
20160101,-5.77,-3.36,2.26,0.01,01JAN2016,2016,1,201601
20160201,-0.07,0.83,-0.48,0.02,01FEB2016,2016,2,201602
20160301,6.96,0.86,1.11,0.02,01MAR2016,2016,3,201603
20160401,0.92,0.68,3.25,0.01,01APR2016,2016,4,201604
20160501,1.78,-0.27,-1.79,0.01,01MAY2016,2016,5,201605
20160601,-0.05,0.61,-1.49,0.02,01JUN2016,2016,6,201606
20160701,3.95,2.9,-0.98,0.02,01JUL2016,2016,7,201607
20160801,0.5,0.94,3.18,0.02,01AUG2016,2016,8,201608
20160901,0.25,2,-1.34,0.02,01SEP2016,2016,9,201609
20161001,-2.02,-4.41,4.15,0.02,01OCT2016,2016,10,201610
20161101,4.86,5.68,8.44,0.01,01NOV2016,2016,11,201611
20161201,1.81,-0.04,3.52,0.03,01DEC2016,2016,12,201612
20170101,1.94,-1,-2.69,0.04,01JAN2017,2017,1,201701
20170201,3.57,-1.79,-1.8,0.04,01FEB2017,2017,2,201702
20170301,0.17,1.13,-3.32,0.03,01MAR2017,2017,3,201703
